919.921,TGAGATCATTTTGAAAGCTGATT
387.843,TGAGATCATTTTGAAAGCTGAT
55.287,GGAGATCATTTTGAAAGCTGATT
53.0827,GGAGATCATTTTGAAAGCTGAT
39.8567,TGAGATCATTTTGAAAGCTGA
17.6346,GAGATCATTTTGAAAGCTGATT
7.38749,GGAGATCATTTTGAAAGCTGA
7.03003,TGAGATCATTTTGAAAGCTG
5.18316,GAGATCATTTTGAAAGCTGAT
3.09798,GGAGATCATTTTGAAAGCTG
2.62137,AGATCATTTTGAAAGCTGATT
2.56179,ATGAGATCATTTTGAAAGCTGATT
1.7873,TTGAGATCATTTTGAAAGCTGATT
1.7873,GATCATTTTGAAAGCTGAT
1.72772,GAGATCATTTTGAAAGCTGA
1.42984,CTGAGATCATTTTGAAAGCTGATT
0.953224,TGAGATCATTTTGAAAGCTGATTT
0.893648,GTGAGATCATTTTGAAAGCTGATT
0.893648,AGAGATCATTTTGAAAGCTGATT
0.834071,GATCATTTTGAAAGCTGATT
0.834071,ATGAGATCATTTTGAAAGCTGAT
0.595765,TGGGATCATTTTGAAAGCTGATT
0.476612,TGGGATCATTTTGAAAGCTGAT
0.476612,CTGAGATCATTTTGAAAGCTGAT
0.476612,AGATCATTTTGAAAGCTGAT
0.476612,AATGAGATCATTTTGAAAGCTGATT
0.417036,TTGAGATCATTTTGAAAGCTGAT
0.417036,TCAGATCATTTTGAAAGCTGATT
0.417036,ATTGAGATCATTTTGAAAGCTGATT
0.357459,TTAGATCATTTTGAAAGCTGATT
0.357459,ATGAGATCATTTTGAAAGCTGATTT
0.297883,CGAGATCATTTTGAAAGCTGATT
0.238306,CGGAGATCATTTTGAAAGCTGAT
0.238306,CGAGATCATTTTGAAAGCTGAT
0.17873,TGTGATCATTTTGAAAGCTGATT
0.17873,GTGAGATCATTTTGAAAGCTGAT
0.17873,GGGATCATTTTGAAAGCTGAT
0.17873,GCTGAGATCATTTTGAAAGCTGATT
0.119153,TTAGATCATTTTGAAAGCTGAT
0.119153,TCAGATCATTTTGAAAGCTGAT
0.119153,TAAGATCATTTTGAAAGCTGATT
0.119153,GTTGAGATCATTTTGAAAGCTGATT
0.119153,AGTGAGATCATTTTGAAAGCTGATT
0.119153,AGAGATCATTTTGAAAGCTGAT
0.0595765,GTAGATCATTTTGAAAGCTGAT
0.0595765,GGGAGATCATTTTGAAAGCTGATT
0.0595765,GGCGATCATTTTGAAAGCTGATT
0.0595765,GAGATCATTTTGAAAGCTG
0.0595765,CTGTGAGATCATTTTGAAAGCTGATT
0.0595765,CAGATCATTTTGAAAGCTGATT
0.0595765,AGGTGAGATCATTTTGAAAGCTGATT
0.0595765,AGGAGATCATTTTGAAAGCTGATT
0.0595765,AGGAGATCATTTTGAAAGCTGAT
