993.109,TCCACTAATTTTGAAAGCTGAT
256.401,TCCACTAATTTTGAAAGCTGATT
205.917,CCACTAATTTTGAAAGCTGATT
42.6921,TCCACTAATTTTGAAAGCTGA
27.8535,CCACTAATTTTGAAAGCTGAT
2.81851,CACTAATTTTGAAAGCTGATT
2.15533,TCCACTAATTTTGAAAGCTG
1.98953,CACTAATTTTGAAAGCTGAT
1.49215,TCCACTAATTTTGAAAGCTGATTT
1.24346,ACTAATTTTGAAAGCTGAT
1.24346,ACCACTAATTTTGAAAGCTGAT
1.07766,GTCCACTAATTTTGAAAGCTGAT
0.994767,CCACTAATTTTGAAAGCTGA
0.91187,ACTAATTTTGAAAGCTGATT
0.828973,TCAACTAATTTTGAAAGCTGAT
0.828973,CTCCACTAATTTTGAAAGCTGAT
0.828973,ATCCACTAATTTTGAAAGCTGAT
0.746075,ACCACTAATTTTGAAAGCTGATT
0.663178,CCCACTAATTTTGAAAGCTGAT
0.497384,TTCACTAATTTTGAAAGCTGAT
0.497384,CCACTAATTTTGAAAGCTGATTT
0.414486,TACACTAATTTTGAAAGCTGAT
0.414486,GTCCACTAATTTTGAAAGCTGA
0.331589,CAACTAATTTTGAAAGCTGATT
0.331589,AATCCACTAATTTTGAAAGCTGAT
0.248692,TGCACTAATTTTGAAAGCTGAT
0.248692,ATCCACTAATTTTGAAAGCTGATT
0.165795,TTCCACTAATTTTGAAAGCTGAT
0.165795,TCAACTAATTTTGAAAGCTGATT
0.165795,GCCACTAATTTTGAAAGCTGATT
0.0828973,TGCACTAATTTTGAAAGCTGATT
0.0828973,TCTACTAATTTTGAAAGCTGATT
0.0828973,TCTACTAATTTTGAAAGCTGAT
0.0828973,TCGACTAATTTTGAAAGCTGATT
0.0828973,TACACTAATTTTGAAAGCTGATT
0.0828973,TACACTAATTTTGAAAGCTGA
0.0828973,GCCACTAATTTTGAAAGCTGAT
0.0828973,ATCCACTAATTTTGAAAGCTGA
