284.994,TGAGATCATTTTGAAAGCTGATT
163.26,TGAGATCATTTTGAAAGCTGAT
32.6682,GGAGATCATTTTGAAAGCTGATT
23.5666,GGAGATCATTTTGAAAGCTGAT
16.4154,TGAGATCATTTTGAAAGCTG
15.2777,TGAGATCATTTTGAAAGCTGA
3.4131,GAGATCATTTTGAAAGCTGATT
2.35666,GGAGATCATTTTGAAAGCTG
2.19413,GGAGATCATTTTGAAAGCTGA
2.11287,GAGATCATTTTGAAAGCTGAT
0.650114,ATGAGATCATTTTGAAAGCTGATT
0.650114,ATGAGATCATTTTGAAAGCTGAT
0.56885,GAGATCATTTTGAAAGCTGA
0.56885,CTGAGATCATTTTGAAAGCTGATT
0.406321,TGAGATCATTTTGAAAGCTGATTT
0.325057,CGAGATCATTTTGAAAGCTGATT
0.325057,AGGAGATCATTTTGAAAGCTGATT
0.325057,AGATCATTTTGAAAGCTGA
0.243793,TGGGATCATTTTGAAAGCTGATT
0.162528,TTGAGATCATTTTGAAAGCTGATT
0.162528,AGATCATTTTGAAAGCTGAT
0.162528,AGAGATCATTTTGAAAGCTGATT
0.162528,AATTGAGATCATTTTGAAAGCTGATT
0.0812642,TTGAGATCATTTTGAAAGCTGA
0.0812642,TTAGATCATTTTGAAAGCTGAT
0.0812642,TGTGATCATTTTGAAAGCTGATT
0.0812642,TGGAGATCATTTTGAAAGCTGA
0.0812642,TCAGATCATTTTGAAAGCTGA
0.0812642,TAAGATCATTTTGAAAGCTGAT
0.0812642,GTGAGATCATTTTGAAAGCTGATT
0.0812642,GTGAGATCATTTTGAAAGCTGAT
0.0812642,GTGAGATCATTTTGAAAGCTGA
0.0812642,GGGAGATCATTTTGAAAGCTGAT
0.0812642,GGAGATCATTTTGAAAGCTGATTT
0.0812642,CTGAGATCATTTTGAAAGCTGA
0.0812642,CGGAGATCATTTTGAAAGCTGATT
0.0812642,AGGAGATCATTTTGAAAGCTGAT
0.0812642,AGATCATTTTGAAAGCTGATT
0.0812642,AGAGATCATTTTGAAAGCTGA
0.0812642,AATGAGATCATTTTGAAAGCTGATT
