306.062,TGAGATCATTTTGAAAGCTGATT
155.747,TGAGATCATTTTGAAAGCTGAT
56.7533,GGAGATCATTTTGAAAGCTGATT
37.8626,TGAGATCATTTTGAAAGCTGA
35.9167,GGAGATCATTTTGAAAGCTGAT
7.05363,GGAGATCATTTTGAAAGCTGA
5.51318,GAGATCATTTTGAAAGCTGATT
4.70242,TGAGATCATTTTGAAAGCTG
4.05381,GAGATCATTTTGAAAGCTGAT
2.27013,GGAGATCATTTTGAAAGCTG
1.37829,ATGAGATCATTTTGAAAGCTGATT
1.05399,TGAGATCATTTTGAAAGCTGATTT
0.891838,GTGAGATCATTTTGAAAGCTGATT
0.567533,ATGAGATCATTTTGAAAGCTGAT
0.486457,TAAGATCATTTTGAAAGCTGATT
0.486457,GGGAGATCATTTTGAAAGCTGATT
0.486457,AGATCATTTTGAAAGCTGATT
0.405381,TTGAGATCATTTTGAAAGCTGATT
0.405381,GATCATTTTGAAAGCTGATT
0.405381,GAGATCATTTTGAAAGCTGA
0.405381,CGAGATCATTTTGAAAGCTGATT
0.405381,AGGAGATCATTTTGAAAGCTGATT
0.324305,CTGAGATCATTTTGAAAGCTGATT
0.324305,ATTGAGATCATTTTGAAAGCTGATT
0.324305,AGAGATCATTTTGAAAGCTGATT
0.162152,TTAGATCATTTTGAAAGCTGATT
0.162152,TTAGATCATTTTGAAAGCTGAT
0.162152,TGGGATCATTTTGAAAGCTGATT
0.162152,TGGGATCATTTTGAAAGCTGAT
0.162152,TGGGATCATTTTGAAAGCTGA
0.162152,GGAGATCATTTTGAAAGCTGATTT
0.162152,CGGAGATCATTTTGAAAGCTGATT
0.162152,AGGAGATCATTTTGAAAGCTGAT
0.0810762,TCAGATCATTTTGAAAGCTGATT
0.0810762,TCAGATCATTTTGAAAGCTGAT
0.0810762,CGGAGATCATTTTGAAAGCTGAT
0.0810762,CGAGATCATTTTGAAAGCTGA
0.0810762,ATGGAGATCATTTTGAAAGCTGATT
0.0810762,AGATCATTTTGAAAGCTG
0.0810762,AGAGATCATTTTGAAAGCTGA
