4576.2,TGAGATCATTTTGAAAGCTGATT
2356,GGAGATCATTTTGAAAGCTGATT
1526.76,TGAGATCATTTTGAAAGCTGAT
764.36,GGAGATCATTTTGAAAGCTGAT
157.503,TGAGATCATTTTGAAAGCTGA
92.4816,GGAGATCATTTTGAAAGCTGA
55.2755,GAGATCATTTTGAAAGCTGATT
30.5545,TGAGATCATTTTGAAAGCTG
20.0258,TGAGATCATTTTGAAAGCTGATA
19.3856,GGAGATCATTTTGAAAGCTG
18.6386,GAGATCATTTTGAAAGCTGAT
11.3824,TGAGATCATTTTGAAAGCTGATTA
10.9911,GGAGATCATTTTGAAAGCTGATA
9.24816,AGATCATTTTGAAAGCTGATT
6.50928,TGAGATCATTTTGAAAGCTGATTT
6.29586,GGAGATCATTTTGAAAGCTGATTA
6.22472,ATGAGATCATTTTGAAAGCTGATT
6.08244,TTGAGATCATTTTGAAAGCTGATT
5.97573,AGGAGATCATTTTGAAAGCTGATT
4.76636,TGGGATCATTTTGAAAGCTGATT
4.09053,GTGAGATCATTTTGAAAGCTGATT
3.98382,CTGAGATCATTTTGAAAGCTGATT
3.94825,TGAGATCATTTTGAAAGCTGATTC
3.80597,CGGAGATCATTTTGAAAGCTGATT
3.73483,AGATCATTTTGAAAGCTGAT
3.09458,GGAGATCATTTTGAAAGCTGATTT
2.88116,GAGATCATTTTGAAAGCTGA
2.81002,TGAGATCATTTTGAAAGCTGAA
2.66774,GATCATTTTGAAAGCTGATT
2.56103,CGAGATCATTTTGAAAGCTGATT
2.41875,ATGAGATCATTTTGAAAGCTGAT
2.16976,TGGAGATCATTTTGAAAGCTGATT
2.16976,GGGAGATCATTTTGAAAGCTGATT
2.09862,TTAGATCATTTTGAAAGCTGATT
2.09862,TGAGATCATTTTGAAAGCTGATC
1.84963,GTGAGATCATTTTGAAAGCTGAT
1.81406,TGAGATCATTTTGAAAGCTGATAA
1.63621,AGGAGATCATTTTGAAAGCTGAT
1.60064,TTGAGATCATTTTGAAAGCTGAT
1.56507,GGAGATCATTTTGAAAGCTGAA
1.38722,GATCATTTTGAAAGCTGAT
1.35165,TGGGATCATTTTGAAAGCTGAT
1.35165,AGAGATCATTTTGAAAGCTGATT
1.31608,CTGAGATCATTTTGAAAGCTGAT
1.28051,TGAGATCATTTTGAAAGCTGAAT
1.20937,TAAGATCATTTTGAAAGCTGATT
1.10267,CGGAGATCATTTTGAAAGCTGAT
1.0671,TGAGATCATTTTGAAAGCTGATTG
0.924816,CGAGATCATTTTGAAAGCTGAT
0.889246,GGGAGATCATTTTGAAAGCTGAT
0.853676,TGAGATCATTTTGAAAGCTGATG
0.853676,GGAGATCATTTTGAAAGCTGATTC
0.818107,TGAGATCATTTTGAAAGCTGATTAA
0.818107,GGAGATCATTTTGAAAGCTGATAA
0.782537,TGAGATCATTTTGAAAGCTGGTT
0.746967,TTAGATCATTTTGAAAGCTGAT
0.746967,GGAGATCATTTTGAAAGCTGAAT
0.640257,GGAGATCATTTTGAAAGCTGATG
0.569118,TGGAGATCATTTTGAAAGCTGAT
0.533548,GGAGATCATTTTGAAAGCTGGTT
0.497978,GGAGATCATTTTGAAAGCTGATTG
0.462408,TGAGATCATTTTGAAAGCTGGT
0.462408,GGAGATCATTTTGAAAGCTGATTAA
0.462408,ATGAGATCATTTTGAAAGCTGA
0.462408,AGATCATTTTGAAAGCTG
0.426838,GTAGATCATTTTGAAAGCTGATT
0.426838,GAGATCATTTTGAAAGCTG
0.391268,AGAGATCATTTTGAAAGCTGAT
0.355698,TAAGATCATTTTGAAAGCTGAT
0.320129,TGAGATCATTTTGAAAGCTGAC
0.284559,TGAGATCATTTTGAAAGCTGACT
0.284559,TGAGATCATTTTGAAAGCTGAAA
0.284559,TCAGATCATTTTGAAAGCTGATT
0.284559,GGAGATCATTTTGAAAGCTGGT
0.284559,AGGAGATCATTTTGAAAGCTGA
0.248989,TGGGATCATTTTGAAAGCTGA
0.248989,GGAGATCATTTTGAAAGCTGAAA
0.248989,CTGAGATCATTTTGAAAGCTGA
0.248989,AGATCATTTTGAAAGCTGA
0.213419,TTGAGATCATTTTGAAAGCTGA
0.213419,TGAGATCATTTTGAAAGCTGAGT
0.213419,GTTGAGATCATTTTGAAAGCTGATT
0.213419,GGAGATCATTTTGAAAGCTGATC
0.177849,TGAGATCATTTTGAAAGCTGTTT
0.177849,TGAGATCATTTTGAAAGCTGTT
0.177849,TGAGATCATTTTGAAAGCTGATAT
0.177849,GTGAGATCATTTTGAAAGCTGA
0.177849,GGAGATCATTTTGAAAGCTGAC
0.177849,GAGATCATTTTGAAAGCTGATA
0.177849,CGGAGATCATTTTGAAAGCTGA
0.177849,CGAGATCATTTTGAAAGCTGA
0.177849,ATTGAGATCATTTTGAAAGCTGATT
0.142279,TGAGATCATTTTGAAAGCTGAG
0.142279,GGAGATCATTTTGAAAGCTGAGT
0.142279,GGAGATCATTTTGAAAGCTGACT
0.142279,GCAGATCATTTTGAAAGCTGATT
0.142279,CGGGAGATCATTTTGAAAGCTGATT
0.142279,CCTGAGATCATTTTGAAAGCTGATT
0.142279,ATGAGATCATTTTGAAAGCTG
0.142279,AGTTGAGATCATTTTGAAAGCTGATT
0.142279,AGTGAGATCATTTTGAAAGCTGATT
0.142279,AGGGAGATCATTTTGAAAGCTGATT
0.142279,AGGAGATCATTTTGAAAGCTG
0.142279,AAGGAGATCATTTTGAAAGCTGATT
0.10671,TTTGAGATCATTTTGAAAGCTGATT
0.10671,TTAGATCATTTTGAAAGCTGATA
0.10671,TTAGATCATTTTGAAAGCTGA
0.10671,TGCGATCATTTTGAAAGCTGATT
0.10671,TGAGATCATTTTGAAAGCTGC
0.10671,TGAGATCATTTTGAAAGCTGATTAT
0.10671,TGAGATCATTTTGAAAGCTGATTAAA
0.10671,TCTGAGATCATTTTGAAAGCTGATT
0.10671,TCAGATCATTTTGAAAGCTGAT
0.10671,TAAGATCATTTTGAAAGCTGA
0.10671,GTAGATCATTTTGAAAGCTGAT
0.10671,GGTGAGATCATTTTGAAAGCTGATT
0.10671,GGGAGATCATTTTGAAAGCTGA
0.10671,GGAGATCATTTTGAAAGCTGTTT
0.10671,GGAGATCATTTTGAAAGCTGG
0.10671,GAGATCATTTTGAAAGCTGAA
0.10671,CTTGAGATCATTTTGAAAGCTGAT
0.10671,CCGGAGATCATTTTGAAAGCTGATT
0.10671,CATGAGATCATTTTGAAAGCTGATT
0.10671,CAGGAGATCATTTTGAAAGCTGATT
0.10671,AGAGATCATTTTGAAAGCTGATA
0.0711397,TGTGAGATCATTTTGAAAGCTGATT
0.0711397,TGGGATCATTTTGAAAGCTGATA
0.0711397,TGATCATTTTGAAAGCTGATT
0.0711397,TGAGATCATTTTGAAAGCTGCTT
0.0711397,TGAGATCATTTTGAAAGCTGATAAA
0.0711397,TGAGATCATTTTGAAAGCTGAAG
0.0711397,TCTGAGATCATTTTGAAAGCTGA
0.0711397,TCAGATCATTTTGAAAGCTGA
0.0711397,TATGAGATCATTTTGAAAGCTGATT
0.0711397,GTGAGATCATTTTGAAAGCTGATA
0.0711397,GTGAGATCATTTTGAAAGCTGAA
0.0711397,GGGTGAGATCATTTTGAAAGCTGATTC
0.0711397,GGGGAGATCATTTTGAAAGCTGATT
0.0711397,GGAGATCATTTTGAAAGCTGATTAAA
0.0711397,GCTGAGATCATTTTGAAAGCTGATT
0.0711397,GATCATTTTGAAAGCTGA
0.0711397,GAGGAGATCATTTTGAAAGCTGATT
0.0711397,CTTGAGATCATTTTGAAAGCTGATT
0.0711397,CTGGAGATCATTTTGAAAGCTGATT
0.0711397,CTATGAGATCATTTTGAAAGCTGATT
0.0711397,CGTGAGATCATTTTGAAAGCTGATT
0.0711397,CGGAGATCATTTTGAAAGCTG
0.0711397,CGAGATCATTTTGAAAGCTGAAT
0.0711397,ATTGAGATCATTTTGAAAGCTGAT
0.0711397,AGATCATTTTGAAAGCTGATTA
0.0711397,AGAGATCATTTTGAAAGCTG
0.0355698,TTGGAGATCATTTTGAAAGCTGATT
0.0355698,TTGAGATCATTTTGAAAGCTGATA
0.0355698,TTCTGAGATCATTTTGAAAGCTGATT
0.0355698,TTCTGAGATCATTTTGAAAGCTGAT
0.0355698,TTCGGAGATCATTTTGAAAGCTGAT
0.0355698,TTAGGAGATCATTTTGAAAGCTGAT
0.0355698,TGTGATCATTTTGAAAGCTGATT
0.0355698,TGTGATCATTTTGAAAGCTGA
0.0355698,TGTGAGATCATTTTGAAAGCTGAT
0.0355698,TGGAGATCATTTTGAAAGCTGATA
0.0355698,TGGAGATCATTTTGAAAGCTG
0.0355698,TGCGATCATTTTGAAAGCTGAT
0.0355698,TGAGATCATTTTGAAAGCTGGTA
0.0355698,TGAGATCATTTTGAAAGCTGG
0.0355698,TGAGATCATTTTGAAAGCTGATTTG
0.0355698,TGAGATCATTTTGAAAGCTGATTCGA
0.0355698,TGAGATCATTTTGAAAGCTGATTCG
0.0355698,TGAGATCATTTTGAAAGCTGATTCC
0.0355698,TGAGATCATTTTGAAAGCTGATAAT
0.0355698,TGAGATCATTTTGAAAGCTGACA
0.0355698,TGAGATCATTTTGAAAGCTGAAC
0.0355698,TGAGATCATTTTGAAAGCTGAAAA
0.0355698,TCTTGAGATCATTTTGAAAGCTGATT
0.0355698,TCGGAGATCATTTTGAAAGCTGATT
0.0355698,TCGGAGATCATTTTGAAAGCTGAT
0.0355698,TCGGAGATCATTTTGAAAGCTGA
0.0355698,TCAGATCATTTTGAAAGCTGATA
0.0355698,TATGAGATCATTTTGAAAGCTGAT
0.0355698,TAGGGAGATCATTTTGAAAGCTGATT
0.0355698,TAAGATCATTTTGAAAGCTGATTA
0.0355698,GTGTGATCATTTTGAAAGCTG
0.0355698,GTGGAGATCATTTTGAAAGCTGATT
0.0355698,GTGGAGATCATTTTGAAAGCTGAT
0.0355698,GGTGATCATTTTGAAAGCTGATT
0.0355698,GGTGATCATTTTGAAAGCTGA
0.0355698,GGGGATCATTTTGAAAGCTGATT
0.0355698,GGGAGATCATTTTGAAAGCTGATTT
0.0355698,GGGAGATCATTTTGAAAGCTG
0.0355698,GGAGATCATTTTGAAAGCTGTT
0.0355698,GGAGATCATTTTGAAAGCTGCTT
0.0355698,GGAGATCATTTTGAAAGCTGCC
0.0355698,GGAGATCATTTTGAAAGCTGC
0.0355698,GGAGATCATTTTGAAAGCTGATTTGT
0.0355698,GGAGATCATTTTGAAAGCTGATTAT
0.0355698,GGAGATCATTTTGAAAGCTGATTAG
0.0355698,GGAGATCATTTTGAAAGCTGATATA
0.0355698,GGAGATCATTTTGAAAGCTGATAT
0.0355698,GGAGATCATTTTGAAAGCTGATAAA
0.0355698,GGAGATCATTTTGAAAGCTGAG
0.0355698,GGAGATCATTTTGAAAGCTGAAC
0.0355698,GATGAGATCATTTTGAAAGCTGATT
0.0355698,GAGGAGATCATTTTGAAAGCTGAT
0.0355698,GAGATCATTTTGAAAGCTGATTT
0.0355698,GACTGAGATCATTTTGAAAGCTGATT
0.0355698,GAAGATCATTTTGAAAGCTGATT
0.0355698,CTGGGATCATTTTGAAAGCTGATT
0.0355698,CTGGAGATCATTTTGAAAGCTGA
0.0355698,CTGAGATCATTTTGAAAGCTGATA
0.0355698,CTGAGATCATTTTGAAAGCTGAA
0.0355698,CTAGGAGATCATTTTGAAAGCTGATT
0.0355698,CGTGAGATCATTTTGAAAGCTGAT
0.0355698,CGGGAGATCATTTTGAAAGCTGA
0.0355698,CGATCATTTTGAAAGCTG
0.0355698,CGAGATCATTTTGAAAGCTGATTA
0.0355698,CGAGATCATTTTGAAAGCTGATA
0.0355698,CCTGAGATCATTTTGAAAGCTGAT
0.0355698,CCGGGAGATCATTTTGAAAGCTGATT
0.0355698,CCCTGAGATCATTTTGAAAGCTGATT
0.0355698,CATGAGATCATTTTGAAAGCTGAT
0.0355698,CATGAGATCATTTTGAAAGCTG
0.0355698,CAATGAGATCATTTTGAAAGCTGATT
0.0355698,ATTAGATCATTTTGAAAGCTGATT
0.0355698,ATGGGATCATTTTGAAAGCTGATT
0.0355698,ATGGGAGATCATTTTGAAAGCTGAT
0.0355698,ATGGAGATCATTTTGAAAGCTGATT
0.0355698,ATGAGATCATTTTGAAAGCTGGTT
0.0355698,ATCTGAGATCATTTTGAAAGCTGATT
0.0355698,ATAGATCATTTTGAAAGCTGATT
0.0355698,ATAGATCATTTTGAAAGCTGAT
0.0355698,AGTGGAGATCATTTTGAAAGCTGATT
0.0355698,AGATCATTTTGAAAGCTGATTT
0.0355698,AGATCATTTTGAAAGCTGATA
0.0355698,AGAGATCATTTTGAAAGCTGAAT
0.0355698,AGAGATCATTTTGAAAGCTGA
0.0355698,ACTGAGATCATTTTGAAAGCTGATT
0.0355698,ACGGAGATCATTTTGAAAGCTGATT
0.0355698,ACCGGAGATCATTTTGAAAGCTGATT
0.0355698,ACAGATCATTTTGAAAGCTGATT
0.0355698,AATGAGATCATTTTGAAAGCTGATT
