1626.99,TCAAAATATTTTGAAAGCTGAT
517.286,CAAAATATTTTGAAAGCTGATT
252.205,AAAATATTTTGAAAGCTGAT
84.3439,TCAAAATATTTTGAAAGCTGATT
80.9182,AAAATATTTTGAAAGCTGATT
73.1217,CAAAATATTTTGAAAGCTGAT
35.9111,AAATATTTTGAAAGCTGATT
33.6667,TCAAAATATTTTGAAAGCTGA
21.0269,AAATATTTTGAAAGCTGAT
13.762,TCAAAATATTTTGAAAGCTGATA
5.55205,AAAATATTTTGAAAGCTGA
2.71696,AAAATATTTTGAAAGCTGATTT
1.6538,CAAAATATTTTGAAAGCTGA
1.41754,ATCAAAATATTTTGAAAGCTGAT
1.29942,TTCAAAATATTTTGAAAGCTGAT
1.18129,TCAAAATATTTTGAAAGCTGATTT
1.18129,GTCAAAATATTTTGAAAGCTGAT
1.00409,TCAAAATATTTTGAAAGCTGATG
0.94503,TCAAAATATTTTGAAAGCTGATAA
0.94503,TCAAAATATTTTGAAAGCTG
0.94503,CAAAATATTTTGAAAGCTGATTA
0.94503,ACAAAATATTTTGAAAGCTGAT
0.826901,ACAAAATATTTTGAAAGCTGATT
0.767837,CAAAATATTTTGAAAGCTGATA
0.708772,TCAAAATATTTTGAAAGCTGAA
0.472515,TCGAAATATTTTGAAAGCTGAT
0.472515,CTCAAAATATTTTGAAAGCTGAT
0.472515,AAATATTTTGAAAGCTGA
0.472515,AAAATATTTTGAAAGCTGATTA
0.472515,AAAATATTTTGAAAGCTGATA
0.413451,TCAAAATATTTTGAAAGCTGATTA
0.354386,TTAAAATATTTTGAAAGCTGAT
0.354386,TCAAAATATTTTGAAAGCTGATTAA
0.354386,TAAAATATTTTGAAAGCTGAT
0.354386,TAAAAATATTTTGAAAGCTGAT
0.354386,GCAAAATATTTTGAAAGCTGATT
0.354386,GAAAATATTTTGAAAGCTGATT
0.354386,CAAAATATTTTGAAAGCTGATTT
0.354386,AAAATATTTTGAAAGCTG
0.236257,TCCAAATATTTTGAAAGCTGAT
0.236257,TCAAAATATTTTGAAAGCTGATC
0.236257,TCAAAATATTTTGAAAGCTGAAA
0.236257,GTCAAAATATTTTGAAAGCTGATT
0.236257,GAAATATTTTGAAAGCTGAT
0.236257,GAAAATATTTTGAAAGCTGAT
0.236257,CAAATATTTTGAAAGCTGATT
0.236257,AAAAATATTTTGAAAGCTGAT
0.177193,TCAAAATATTTTGAAAGCTGTT
0.177193,CAAAATATTTTGAAAGCTGATTAA
0.177193,CAAAATATTTTGAAAGCTGATC
0.177193,AAAATATTTTGAAAGCTGATTAA
0.177193,AAAATATTTTGAAAGCTGATG
0.177193,AAAATATTTTGAAAGCTGAA
0.118129,TTCAAAATATTTTGAAAGCTGATT
0.118129,TTAAAATATTTTGAAAGCTGATT
0.118129,TCAAATATTTTGAAAGCTGAT
0.118129,TCAAAATATTTTGAAAGCTGATTG
0.118129,TCAAAATATTTTGAAAGCTGATTC
0.118129,TCAAAATATTTTGAAAGCTGATAT
0.118129,TCAAAATATTTTGAAAGCTGAG
0.118129,TATCAAAATATTTTGAAAGCTGAT
0.118129,GCAAAATATTTTGAAAGCTGAT
0.118129,GACAAAATATTTTGAAAGCTGATT
0.118129,GAAATATTTTGAAAGCTGATT
0.118129,CTCAAAATATTTTGAAAGCTGATT
0.118129,CTCAAAATATTTTGAAAGCTGA
0.118129,CGAAATATTTTGAAAGCTGATT
0.118129,CCAAAATATTTTGAAAGCTGAT
0.118129,CAACAAAATATTTTGAAAGCTGATT
0.118129,CAAATATTTTGAAAGCTGAT
0.118129,CAAAATATTTTGAAAGCTGAAT
0.118129,CAAAATATTTTGAAAGCTGAA
0.118129,ATCAAAATATTTTGAAAGCTGATT
0.118129,AGTCAAAATATTTTGAAAGCTGATT
0.118129,AAATATTTTGAAAGCTGATTT
0.118129,AAAAATATTTTGAAAGCTGATT
0.0590644,TTCAAAATATTTTGAAAGCTGACT
0.0590644,TCAAAATATTTTGAAAGCTGTTT
0.0590644,TCAAAATATTTTGAAAGCTGGT
0.0590644,TCAAAATATTTTGAAAGCTGATTTAA
0.0590644,TCAAAATATTTTGAAAGCTGATAAA
0.0590644,TCAAAATATTTTGAAAGCTGAGT
0.0590644,TCAAAATATTTTGAAAGCTGAC
0.0590644,TCAAAATATTTTGAAAGCTGAAT
0.0590644,CAAAATATTTTGAAAGCTGTTT
0.0590644,CAAAATATTTTGAAAGCTGGTT
0.0590644,CAAAATATTTTGAAAGCTGATTGA
0.0590644,CAAAATATTTTGAAAGCTGATTG
0.0590644,CAAAATATTTTGAAAGCTGATTC
0.0590644,CAAAATATTTTGAAAGCTGATG
0.0590644,CAAAATATTTTGAAAGCTGAGT
0.0590644,CAAAATATTTTGAAAGCTGAAA
0.0590644,ACAAAATATTTTGAAAGCTGAA
0.0590644,AAAATATTTTGAAAGCTGATC
0.0590644,AAAATATTTTGAAAGCTGATAA
