4944.69,TGAGATCATTTTGAAAGCTGATT
1788.59,TGAGATCATTTTGAAAGCTGAT
204.186,TGAGATCATTTTGAAAGCTGA
113.64,GGAGATCATTTTGAAAGCTGATT
63.5533,GGAGATCATTTTGAAAGCTGAT
42.8807,GAGATCATTTTGAAAGCTGATT
39.1006,TGAGATCATTTTGAAAGCTG
21.9719,TGAGATCATTTTGAAAGCTGATA
16.8333,GGAGATCATTTTGAAAGCTGA
15.5339,GAGATCATTTTGAAAGCTGAT
9.56843,TGAGATCATTTTGAAAGCTGATTA
7.73743,TGAGATCATTTTGAAAGCTGATTT
6.37895,ATGAGATCATTTTGAAAGCTGATT
5.84737,AGATCATTTTGAAAGCTGATT
5.49299,CTGAGATCATTTTGAAAGCTGATT
5.37486,TTGAGATCATTTTGAAAGCTGATT
5.19766,GGAGATCATTTTGAAAGCTG
4.07544,TGAGATCATTTTGAAAGCTGATTC
4.01638,GTGAGATCATTTTGAAAGCTGAT
3.95731,GTGAGATCATTTTGAAAGCTGATT
3.36667,TGAGATCATTTTGAAAGCTGAA
2.42164,AGATCATTTTGAAAGCTGAT
2.00819,ATGAGATCATTTTGAAAGCTGAT
1.89006,CTGAGATCATTTTGAAAGCTGAT
1.77193,AGAGATCATTTTGAAAGCTGATT
1.6538,TGAGATCATTTTGAAAGCTGATC
1.6538,GAGATCATTTTGAAAGCTGA
1.59474,TTGAGATCATTTTGAAAGCTGAT
1.47661,TGGGATCATTTTGAAAGCTGATT
1.35848,GATCATTTTGAAAGCTGATT
1.29942,TGAGATCATTTTGAAAGCTGATG
1.29942,TGAGATCATTTTGAAAGCTGATAA
1.12222,AGAGATCATTTTGAAAGCTGAT
1.06316,TTAGATCATTTTGAAAGCTGATT
1.00409,TGAGATCATTTTGAAAGCTGTTT
0.94503,TGAGATCATTTTGAAAGCTGATTG
0.94503,TGAGATCATTTTGAAAGCTGAAT
0.885966,TGAGATCATTTTGAAAGCTGACT
0.885966,GGAGATCATTTTGAAAGCTGATA
0.708772,TAAGATCATTTTGAAAGCTGATT
0.649708,GATCATTTTGAAAGCTGAT
0.590644,TTAGATCATTTTGAAAGCTGAT
0.590644,TGGGATCATTTTGAAAGCTGAT
0.590644,TGAGATCATTTTGAAAGCTGAGT
0.531579,CGAGATCATTTTGAAAGCTGATT
0.531579,AGATCATTTTGAAAGCTG
0.472515,TGTGATCATTTTGAAAGCTGATT
0.472515,TGAGATCATTTTGAAAGCTGATTAA
0.413451,TGAGATCATTTTGAAAGCTGAC
0.413451,GTGAGATCATTTTGAAAGCTGA
0.413451,GGTGAGATCATTTTGAAAGCTGATT
0.413451,GAGATCATTTTGAAAGCTG
0.354386,TGAGATCATTTTGAAAGCTGTT
0.295322,TGAGATCATTTTGAAAGCTGATTAAA
0.295322,TGAGATCATTTTGAAAGCTGAAA
0.295322,TCAGATCATTTTGAAAGCTGATT
0.295322,TAAGATCATTTTGAAAGCTGAT
0.295322,ATGAGATCATTTTGAAAGCTGA
0.295322,AGATCATTTTGAAAGCTGA
0.236257,TGAGATCATTTTGAAAGCTGGTT
0.236257,GGGAGATCATTTTGAAAGCTGATT
0.236257,GATCATTTTGAAAGCTGA
0.177193,TTTGAGATCATTTTGAAAGCTGATT
0.177193,TGAGATCATTTTGAAAGCTGGT
0.177193,GGAGATCATTTTGAAAGCTGAGT
0.177193,GAGATCATTTTGAAAGCTGATTC
0.177193,CTGAGATCATTTTGAAAGCTGA
0.177193,CGGAGATCATTTTGAAAGCTGAT
0.177193,CGAGATCATTTTGAAAGCTGAT
0.177193,CATGAGATCATTTTGAAAGCTGATT
0.177193,AGGAGATCATTTTGAAAGCTGATT
0.177193,AGGAGATCATTTTGAAAGCTGAT
0.118129,TTGAGATCATTTTGAAAGCTGA
0.118129,TTGAGATCATTTTGAAAGCTG
0.118129,TGTGAGATCATTTTGAAAGCTGATT
0.118129,TGGGATCATTTTGAAAGCTGA
0.118129,TGAGATCATTTTGAAAGCTGG
0.118129,TGAGATCATTTTGAAAGCTGATTAC
0.118129,TGAGATCATTTTGAAAGCTGATAT
0.118129,TGAGATCATTTTGAAAGCTGAG
0.118129,TATGAGATCATTTTGAAAGCTGATT
0.118129,GGGAGATCATTTTGAAAGCTGAT
0.118129,GCTGAGATCATTTTGAAAGCTGAT
0.118129,CGGAGATCATTTTGAAAGCTGATT
0.118129,ATTGAGATCATTTTGAAAGCTGATT
0.118129,AGTGAGATCATTTTGAAAGCTGATT
0.118129,AGATCATTTTGAAAGCTGATA
0.0590644,TTTGAGATCATTTTGAAAGCTGAT
0.0590644,TTGAGATCATTTTGAAAGCTGATTC
0.0590644,TTAGATCATTTTGAAAGCTGATTA
0.0590644,TTAGATCATTTTGAAAGCTGATA
0.0590644,TTAGATCATTTTGAAAGCTGAAT
0.0590644,TGTGAGATCATTTTGAAAGCTGAT
0.0590644,TGGAGATCATTTTGAAAGCTGATT
0.0590644,TGGAGATCATTTTGAAAGCTGAT
0.0590644,TGCGATCATTTTGAAAGCTGATT
0.0590644,TGAGATCATTTTGAAAGCTGT
0.0590644,TGAGATCATTTTGAAAGCTGC
0.0590644,TGAGATCATTTTGAAAGCTGATTTAA
0.0590644,TGAGATCATTTTGAAAGCTGATTTA
0.0590644,TGAGATCATTTTGAAAGCTGATTAT
0.0590644,TGAGATCATTTTGAAAGCTGATAG
0.0590644,TGAGATCATTTTGAAAGCTGATAAAA
0.0590644,TCTGAGATCATTTTGAAAGCTGATT
0.0590644,TCAGATCATTTTGAAAGCTGATA
0.0590644,TCAGATCATTTTGAAAGCTGAT
0.0590644,GTTTGAGATCATTTTGAAAGCTGAT
0.0590644,GTTGAGATCATTTTGAAAGCTGATT
0.0590644,GTGAGATCATTTTGAAAGCTGATA
0.0590644,GTGAGATCATTTTGAAAGCTG
0.0590644,GTAGATCATTTTGAAAGCTGAT
0.0590644,GGGGATCATTTTGAAAGCTGATT
0.0590644,GGAGATCATTTTGAAAGCTGT
0.0590644,GGAGATCATTTTGAAAGCTGATTC
0.0590644,GGAGATCATTTTGAAAGCTGATTA
0.0590644,GGAGATCATTTTGAAAGCTGATAA
0.0590644,GGAGATCATTTTGAAAGCTGACT
0.0590644,GGAGATCATTTTGAAAGCTGAAT
0.0590644,GCTGAGATCATTTTGAAAGCTGATT
0.0590644,GATGAGATCATTTTGAAAGCTGATT
0.0590644,GAGATCATTTTGAAAGCTGATA
0.0590644,GAGATCATTTTGAAAGCTGAAT
0.0590644,CTTGAGATCATTTTGAAAGCTGATT
0.0590644,CTGTGAGATCATTTTGAAAGCTGATT
0.0590644,CGAGATCATTTTGAAAGCTGA
0.0590644,CATGAGATCATTTTGAAAGCTGAT
0.0590644,ATGTGAGATCATTTTGAAAGCTGATT
0.0590644,ATGAGATCATTTTGAAAGCTGTT
0.0590644,ATAGATCATTTTGAAAGCTGATT
0.0590644,AGGAGATCATTTTGAAAGCTGA
0.0590644,AGAGATCATTTTGAAAGCTGAAT
0.0590644,AGAGATCATTTTGAAAGCTG
0.0590644,ACTGAGATCATTTTGAAAGCTGATT
0.0590644,ACAGATCATTTTGAAAGCTGATT
0.0590644,AATGAGATCATTTTGAAAGCTGAT
